Contest1,Map Classification,Percent Range of Votes,Precinct Leader,Precinct1,Geometry,Latitude (generated),Longitude (generated),Citywide Votes,Precinct N
Referred Question 2O,MC75,50-75%,No/Against,1260116126,Polygon,39.643959514,-105.064292248,"146,876",126
Referred Question 2O,MC75,50-75%,No/Against,1260116127,Polygon,39.641340676,-105.043388905,"146,876",127
Referred Question 2O,MC75,50-75%,No/Against,1260116128,Polygon,39.635381536,-105.040211278,"146,876",128
Referred Question 2O,MC75,50-75%,No/Against,1260116129,Polygon,39.629778222,-105.033388172,"146,876",129
Referred Question 2O,MC75,50-75%,No/Against,1260116130,Polygon,39.631753306,-105.097146540,"146,876",130
Referred Question 2O,MC75,50-75%,No/Against,1260116131,Polygon,39.627910227,-105.099403639,"146,876",131
Referred Question 2O,MC75,50-75%,No/Against,1260116132,Polygon,39.631162152,-105.090660975,"146,876",132
Referred Question 2O,MC75,50-75%,No/Against,1260116133,Polygon,39.633134920,-105.079905315,"146,876",133
Referred Question 2O,MC75,50-75%,No/Against,1260116134,Polygon,39.626771194,-105.072086957,"146,876",134
Referred Question 2O,MC75,50-75%,No/Against,1260116135,Polygon,39.616542143,-105.074275854,"146,876",135
Referred Question 2O,MC75,50-75%,No/Against,1260316301,Polygon,39.668942543,-104.872089426,"146,876",301
Referred Question 2O,MC75,50-75%,No/Against,1260316302,Polygon,39.663973718,-104.874117963,"146,876",302
Referred Question 2O,MC75,50-75%,No/Against,1260316303,Polygon,39.658928096,-104.872941080,"146,876",303
Referred Question 2O,MC75,50-75%,No/Against,1260316305,Polygon,39.645572982,-104.918921864,"146,876",305
Referred Question 2O,MC75,50-75%,No/Against,1260316306,Polygon,39.649710266,-104.907512638,"146,876",306
Referred Question 2O,MC75,50-75%,No/Against,1260316307,Polygon,39.648373877,-104.892673574,"146,876",307
Referred Question 2O,MC75,50-75%,No/Against,1260316308,Polygon,39.644635449,-104.883123078,"146,876",308
Referred Question 2O,MC75,50-75%,No/Against,1260316309,Polygon,39.643870527,-104.903515295,"146,876",309
Referred Question 2O,MC75,50-75%,No/Against,1260316310,Polygon,39.637870611,-104.903026171,"146,876",310
Referred Question 2O,MC75,50-75%,No/Against,1260316311,Polygon,39.640292763,-104.895068664,"146,876",311
Referred Question 2O,MC75,50-75%,No/Against,1260316314,Polygon,39.629751282,-104.897699082,"146,876",314
Referred Question 2O,MC75,50-75%,No/Against,1260316315,MultiPolygon,39.630523397,-104.890072229,"146,876",315
Referred Question 2O,MC75,50-75%,No/Against,1260916925,Polygon,39.658129774,-104.906942512,"146,876",925
Referred Question 2O,MC75,50-75%,No/Against,1260916926,Polygon,39.662048918,-104.897704568,"146,876",926
Referred Question 2O,MC75,50-75%,No/Against,1260916927,Polygon,39.655894616,-104.902549969,"146,876",927
Referred Question 2O,MC75,50-75%,No/Against,1260916928,Polygon,39.659679427,-104.889733530,"146,876",928
Referred Question 2O,MC75,50-75%,No/Against,1310216201,Polygon,39.728169402,-104.980091076,"146,876",201
Referred Question 2O,MC75,50-75%,No/Against,1310216202,Polygon,39.724642714,-104.983135710,"146,876",202
Referred Question 2O,MC75,50-75%,No/Against,1310216203,Polygon,39.721337519,-104.976425422,"146,876",203
Referred Question 2O,MC75,50-75%,No/Against,1310216204,Polygon,39.726924498,-104.966413048,"146,876",204
Referred Question 2O,MC75,50-75%,No/Against,1310216205,Polygon,39.717932914,-104.965857184,"146,876",205
Referred Question 2O,MC75,50-75%,No/Against,1310216206,Polygon,39.717236744,-104.953241210,"146,876",206
Referred Question 2O,MC75,50-75%,No/Against,1310216207,Polygon,39.723068498,-104.944529569,"146,876",207
Referred Question 2O,MC75,50-75%,No/Against,1310216208,Polygon,39.715776931,-104.947787467,"146,876",208
Referred Question 2O,MC75,50-75%,No/Against,1310216209,Polygon,39.715455054,-104.943488604,"146,876",209
Referred Question 2O,MC75,50-75%,No/Against,1310216210,Polygon,39.721947019,-104.930540087,"146,876",210
Referred Question 2O,MC75,50-75%,No/Against,1310216211,Polygon,39.718348166,-104.929497233,"146,876",211
Referred Question 2O,MC75,50-75%,No/Against,1310216212,Polygon,39.722245491,-104.984275657,"146,876",212
Referred Question 2O,MC75,50-75%,No/Against,1310216213,Polygon,39.718823698,-104.977198207,"146,876",213
Referred Question 2O,MC75,50-75%,No/Against,1310216214,Polygon,39.713735107,-104.984714802,"146,876",214
Referred Question 2O,MC75,50-75%,No/Against,1310216215,Polygon,39.713848595,-104.979397526,"146,876",215
Referred Question 2O,MC75,50-75%,No/Against,1310216217,Polygon,39.714399339,-104.966664467,"146,876",217
Referred Question 2O,MC75,50-75%,No/Against,1310216218,Polygon,39.712350811,-104.952833028,"146,876",218
Referred Question 2O,MC75,50-75%,No/Against,1310216219,Polygon,39.704733892,-104.944722110,"146,876",219
Referred Question 2O,MC75,50-75%,No/Against,1310216220,Polygon,39.707748844,-104.983902339,"146,876",220
Referred Question 2O,MC75,50-75%,No/Against,1310216221,Polygon,39.706306402,-104.976761318,"146,876",221
Referred Question 2O,MC75,50-75%,No/Against,1310216222,Polygon,39.700048911,-104.983973528,"146,876",222
Referred Question 2O,MC75,50-75%,No/Against,1310216223,Polygon,39.695893952,-104.976502037,"146,876",223
Referred Question 2O,MC75,50-75%,No/Against,1310216224,Polygon,39.695656978,-104.967692144,"146,876",224
Referred Question 2O,MC75,50-75%,No/Against,1310216225,Polygon,39.707492976,-104.964395421,"146,876",225
Referred Question 2O,MC75,50-75%,No/Against,1310216226,Polygon,39.700397058,-104.963849492,"146,876",226
Referred Question 2O,MC75,50-75%,No/Against,1310216227,Polygon,39.700463981,-104.950864466,"146,876",227
Referred Question 2O,MC75,50-75%,No/Against,1310216228,Polygon,39.690192081,-104.955022290,"146,876",228
Referred Question 2O,MC75,50-75%,No/Against,1310216229,Polygon,39.690373895,-104.946080258,"146,876",229
Referred Question 2O,MC75,50-75%,No/Against,1310616607,Polygon,39.731493491,-104.979704104,"146,876",607
Referred Question 2O,MC75,50-75%,No/Against,1310616608,Polygon,39.730217138,-104.981401257,"146,876",608
Referred Question 2O,MC75,50-75%,No/Against,1310616609,Polygon,39.732915150,-104.974688470,"146,876",609
Referred Question 2O,MC75,50-75%,No/Against,1310616610,Polygon,39.738142829,-104.970688323,"146,876",610
Referred Question 2O,MC75,50-75%,No/Against,1310616611,Polygon,39.738404609,-104.963515669,"146,876",611
Referred Question 2O,MC75,50-75%,No/Against,1310616612,Polygon,39.732817264,-104.969121238,"146,876",612
Referred Question 2O,MC75,50-75%,No/Against,1310616613,Polygon,39.732857552,-104.965478746,"146,876",613
Referred Question 2O,MC75,50-75%,No/Against,1310616614,Polygon,39.738861917,-104.955352395,"146,876",614
Referred Question 2O,MC75,50-75%,No/Against,1310616615,Polygon,39.737881841,-104.945577543,"146,876",615
Referred Question 2O,MC75,50-75%,No/Against,1310616616,Polygon,39.732490328,-104.955893265,"146,876",616
Referred Question 2O,MC75,50-75%,No/Against,1310616617,Polygon,39.733287859,-104.945672686,"146,876",617
Referred Question 2O,MC75,50-75%,No/Against,1310616618,Polygon,39.727509862,-104.950289768,"146,876",618
Referred Question 2O,MC75,50-75%,No/Against,1310616619,Polygon,39.736693256,-104.935711753,"146,876",619
Referred Question 2O,MC75,50-75%,No/Against,1310616620,Polygon,39.734773514,-104.925644646,"146,876",620
Referred Question 2O,MC75,50-75%,No/Against,1310616621,Polygon,39.732330213,-104.937469307,"146,876",621
Referred Question 2O,MC75,50-75%,No/Against,1310616622,Polygon,39.730902155,-104.930822651,"146,876",622
Referred Question 2O,MC75,50-75%,No/Against,1310616623,Polygon,39.727713435,-104.930962836,"146,876",623
Referred Question 2O,MC75,50-75%,No/Against,1310616624,Polygon,39.736469325,-104.917109577,"146,876",624
Referred Question 2O,MC75,50-75%,No/Against,1310616625,Polygon,39.729673403,-104.918197107,"146,876",625
Referred Question 2O,MC75,50-75%,No/Against,1310616626,Polygon,39.732370744,-104.907092875,"146,876",626
Referred Question 2O,MC75,50-75%,No/Against,1310616627,Polygon,39.736196452,-104.898282252,"146,876",627
Referred Question 2O,MC75,50-75%,No/Against,1310616628,Polygon,39.735534840,-104.890757550,"146,876",628
Referred Question 2O,MC75,50-75%,No/Against,1310616629,Polygon,39.728919086,-104.893797491,"146,876",629
Referred Question 2O,MC75,50-75%,No/Against,1310616630,Polygon,39.721839564,-104.895492449,"146,876",630
Referred Question 2O,MC75,50-75%,No/Against,1310616631,Polygon,39.714257935,-104.898066489,"146,876",631
Referred Question 2O,MC75,50-75%,No/Against,1310616632,Polygon,39.717393507,-104.885424062,"146,876",632
Referred Question 2O,MC75,50-75%,No/Against,1310816815,Polygon,39.749540718,-104.974729977,"146,876",815
Referred Question 2O,MC75,50-75%,No/Against,1310816831,Polygon,39.747779081,-104.967759128,"146,876",831
Referred Question 2O,MC75,50-75%,No/Against,1310816833,Polygon,39.743399460,-104.962590205,"146,876",833
Referred Question 2O,MC75,50-75%,No/Against,1310816834,Polygon,39.741963234,-104.956054051,"146,876",834
Referred Question 2O,MC75,50-75%,No/Against,1310816835,Polygon,39.741645197,-104.946377328,"146,876",835
Referred Question 2O,MC75,50-75%,No/Against,1310816840,Polygon,39.745096977,-104.899787899,"146,876",840
Referred Question 2O,MC75,50-75%,No/Against,1310816841,Polygon,39.743850002,-104.889845007,"146,876",841
Referred Question 2O,MC75,50-75%,No/Against,1310916901,Polygon,39.721316125,-104.913289293,"146,876",901
Referred Question 2O,MC75,50-75%,No/Against,1310916902,Polygon,39.715280554,-104.915818839,"146,876",902
Referred Question 2O,MC75,50-75%,No/Against,1310916903,Polygon,39.717086319,-104.907134626,"146,876",903
Referred Question 2O,MC75,50-75%,No/Against,1320116103,Polygon,39.693114694,-105.045944050,"146,876",103
Referred Question 2O,MC75,50-75%,No/Against,1320116104,Polygon,39.693686709,-105.032656529,"146,876",104
Referred Question 2O,MC75,50-75%,No/Against,1320116105,Polygon,39.693009250,-105.020196525,"146,876",105
Referred Question 2O,MC75,50-75%,No/Against,1320116106,Polygon,39.693150106,-105.008960885,"146,876",106
Referred Question 2O,MC75,50-75%,No/Against,1320116107,Polygon,39.685529408,-105.044595532,"146,876",107
Referred Question 2O,MC75,50-75%,No/Against,1320116108,Polygon,39.685242578,-105.033071781,"146,876",108
Referred Question 2O,MC75,50-75%,No/Against,1320116109,Polygon,39.685939358,-105.020104796,"146,876",109
Referred Question 2O,MC75,50-75%,No/Against,1320116110,Polygon,39.690040804,-105.002413943,"146,876",110
Referred Question 2O,MC75,50-75%,No/Against,1320116111,Polygon,39.686775957,-104.994985604,"146,876",111
Referred Question 2O,MC75,50-75%,No/Against,1320116112,Polygon,39.678475607,-105.046639611,"146,876",112
Referred Question 2O,MC75,50-75%,No/Against,1320116113,Polygon,39.677906212,-105.031801340,"146,876",113
Referred Question 2O,MC75,50-75%,No/Against,1320116114,Polygon,39.674540615,-105.006973002,"146,876",114
Referred Question 2O,MC75,50-75%,No/Against,1320116115,Polygon,39.673932883,-104.994849076,"146,876",115
Referred Question 2O,MC75,50-75%,No/Against,1320116116,Polygon,39.672293816,-105.047194256,"146,876",116
Referred Question 2O,MC75,50-75%,No/Against,1320116117,Polygon,39.671275769,-105.031651342,"146,876",117
Referred Question 2O,MC75,50-75%,No/Against,1320116118,Polygon,39.664664160,-105.072353613,"146,876",118
Referred Question 2O,MC75,50-75%,No/Against,1320116119,Polygon,39.661898006,-105.060063843,"146,876",119
Referred Question 2O,MC75,50-75%,No/Against,1320116120,Polygon,39.663410723,-105.047740977,"146,876",120
Referred Question 2O,MC75,50-75%,No/Against,1320116121,Polygon,39.663236772,-105.032936899,"146,876",121
Referred Question 2O,MC75,50-75%,No/Against,1320116122,Polygon,39.665596207,-105.021471843,"146,876",122
Referred Question 2O,MC75,50-75%,No/Against,1320116123,Polygon,39.656472483,-105.062853158,"146,876",123
Referred Question 2O,MC75,50-75%,No/Against,1320116124,Polygon,39.658380644,-105.040202501,"146,876",124
Referred Question 2O,MC75,50-75%,No/Against,1320116125,Polygon,39.651827059,-105.047834414,"146,876",125
Referred Question 2O,MC75,50-75%,No/Against,1320216230,Polygon,39.692933733,-104.982500367,"146,876",230
Referred Question 2O,MC75,50-75%,No/Against,1320216231,Polygon,39.684390619,-104.984201481,"146,876",231
Referred Question 2O,MC75,50-75%,No/Against,1320216232,Polygon,39.686529415,-104.976804166,"146,876",232
Referred Question 2O,MC75,50-75%,No/Against,1320216233,Polygon,39.683336550,-104.970354866,"146,876",233
Referred Question 2O,MC75,50-75%,No/Against,1320216234,Polygon,39.671998209,-104.984213306,"146,876",234
Referred Question 2O,MC75,50-75%,No/Against,1320216235,Polygon,39.673132001,-104.978144882,"146,876",235
Referred Question 2O,MC75,50-75%,No/Against,1320216236,Polygon,39.671321542,-104.970452020,"146,876",236
Referred Question 2O,MC75,50-75%,No/Against,1320216238,Polygon,39.678793644,-104.955948364,"146,876",238
Referred Question 2O,MC75,50-75%,No/Against,1320216239,Polygon,39.681099259,-104.950467377,"146,876",239
Referred Question 2O,MC75,50-75%,No/Against,1320216240,MultiPolygon,39.665715181,-104.963748742,"146,876",240
Referred Question 2O,MC75,50-75%,No/Against,1320216241,Polygon,39.671162951,-104.953547910,"146,876",241
Referred Question 2O,MC75,50-75%,No/Against,1320216242,Polygon,39.670656944,-104.946424260,"146,876",242
Referred Question 2O,MC75,50-75%,No/Against,1320216243,Polygon,39.662764775,-104.953442893,"146,876",243
Referred Question 2O,MC75,50-75%,No/Against,1320216244,Polygon,39.662197697,-104.946939775,"146,876",244
Referred Question 2O,MC75,50-75%,No/Against,1320616633,Polygon,39.703611803,-104.896377809,"146,876",633
Referred Question 2O,MC75,50-75%,No/Against,1320616634,Polygon,39.707350353,-104.890294453,"146,876",634
Referred Question 2O,MC75,50-75%,No/Against,1320616636,Polygon,39.703969762,-104.880369115,"146,876",636
Referred Question 2O,MC75,50-75%,No/Against,1320616637,Polygon,39.704240502,-104.879635277,"146,876",637
Referred Question 2O,MC75,50-75%,No/Against,1320616638,Polygon,39.702186183,-104.870609195,"146,876",638
Referred Question 2O,MC75,50-75%,No/Against,1320916905,Polygon,39.699414544,-104.925911911,"146,876",905
Referred Question 2O,MC75,50-75%,No/Against,1320916906,Polygon,39.697710627,-104.919156399,"146,876",906
Referred Question 2O,MC75,50-75%,No/Against,1320916907,Polygon,39.699379254,-104.907503556,"146,876",907
Referred Question 2O,MC75,50-75%,No/Against,1320916908,Polygon,39.689633841,-104.907223430,"146,876",908
Referred Question 2O,MC75,50-75%,No/Against,1320916909,MultiPolygon,39.693897779,-104.936011200,"146,876",909
Referred Question 2O,MC75,50-75%,No/Against,1320916910,MultiPolygon,39.693692012,-104.921814549,"146,876",910
Referred Question 2O,MC75,50-75%,No/Against,1320916911,Polygon,39.684031563,-104.934970723,"146,876",911
Referred Question 2O,MC75,50-75%,No/Against,1320916912,Polygon,39.683851334,-104.927224043,"146,876",912
Referred Question 2O,MC75,50-75%,No/Against,1320916913,Polygon,39.686337300,-104.910540632,"146,876",913
Referred Question 2O,MC75,50-75%,No/Against,1320916916,Polygon,39.688360291,-104.899499483,"146,876",916
Referred Question 2O,MC75,50-75%,No/Against,1320916917,Polygon,39.685075514,-104.895181361,"146,876",917
Referred Question 2O,MC75,50-75%,No/Against,1320916918,Polygon,39.672085611,-104.933358840,"146,876",918
Referred Question 2O,MC75,50-75%,No/Against,1320916919,Polygon,39.673482890,-104.923798410,"146,876",919
Referred Question 2O,MC75,50-75%,No/Against,1320916920,Polygon,39.671506404,-104.909893648,"146,876",920
Referred Question 2O,MC75,50-75%,No/Against,1320916921,Polygon,39.664283832,-104.931550759,"146,876",921
Referred Question 2O,MC75,50-75%,No/Against,1320916922,Polygon,39.656358324,-104.928455415,"146,876",922
Referred Question 2O,MC75,50-75%,No/Against,1320916923,MultiPolygon,39.660464158,-104.919733656,"146,876",923
Referred Question 2O,MC75,50-75%,No/Against,1320916924,Polygon,39.666030536,-104.914338243,"146,876",924
Referred Question 2O,MC75,50-75%,No/Against,1330716702,Polygon,39.806025559,-104.874895807,"146,876",702
Referred Question 2O,MC75,50-75%,No/Against,1330716703,Polygon,39.793636806,-104.887859989,"146,876",703
Referred Question 2O,MC75,50-75%,No/Against,1330716705,Polygon,39.788533648,-104.849796241,"146,876",705
Referred Question 2O,MC75,50-75%,No/Against,1330716706,Polygon,39.795191823,-104.821490585,"146,876",706
Referred Question 2O,MC75,50-75%,No/Against,1330716708,Polygon,39.779012347,-104.841110443,"146,876",708
Referred Question 2O,MC75,50-75%,No/Against,1330716709,Polygon,39.783805088,-104.839600895,"146,876",709
Referred Question 2O,MC75,50-75%,No/Against,1330716710,Polygon,39.789032584,-104.830692264,"146,876",710
Referred Question 2O,MC75,50-75%,No/Against,1330716711,Polygon,39.783012982,-104.819686283,"146,876",711
Referred Question 2O,MC75,50-75%,No/Against,1330716712,Polygon,39.777915248,-104.819039116,"146,876",712
Referred Question 2O,MC75,50-75%,No/Against,1330716718,Polygon,39.791953307,-104.750673662,"146,876",718
Referred Question 2O,MC75,50-75%,No/Against,1330716719,Polygon,39.792722252,-104.743348390,"146,876",719
Referred Question 2O,MC75,50-75%,No/Against,1330716720,Polygon,39.788143385,-104.754357174,"146,876",720
Referred Question 2O,MC75,50-75%,No/Against,1330716721,Polygon,39.780238112,-104.761730354,"146,876",721
Referred Question 2O,MC75,50-75%,No/Against,1330716722,Polygon,39.779887650,-104.746101927,"146,876",722
Referred Question 2O,MC75,50-75%,No/Against,1330716723,Polygon,39.774777238,-104.763125803,"146,876",723
Referred Question 2O,MC75,50-75%,No/Against,1330716724,Polygon,39.776256738,-104.758010333,"146,876",724
Referred Question 2O,MC75,50-75%,No/Against,1330716725,Polygon,39.776523943,-104.745458904,"146,876",725
Referred Question 2O,MC75,50-75%,No/Against,1330716726,Polygon,39.773761019,-104.745604514,"146,876",726
Referred Question 2O,MC75,50-75%,No/Against,1330716727,Polygon,39.838535605,-104.723123115,"146,876",727
Referred Question 2O,MC75,50-75%,No/Against,1330816802,Polygon,39.765358395,-104.970622497,"146,876",802
Referred Question 2O,MC75,50-75%,No/Against,1330816806,Polygon,39.773118485,-104.934866438,"146,876",806
Referred Question 2O,MC75,50-75%,No/Against,1330816807,Polygon,39.773947404,-104.923309165,"146,876",807
Referred Question 2O,MC75,50-75%,No/Against,1330816808,Polygon,39.773519535,-104.908217219,"146,876",808
Referred Question 2O,MC75,50-75%,No/Against,1330816809,Polygon,39.775532408,-104.890590304,"146,876",809
Referred Question 2O,MC75,50-75%,No/Against,1330816810,Polygon,39.763730908,-104.874766837,"146,876",810
Referred Question 2O,MC75,50-75%,No/Against,1330816812,Polygon,39.762010474,-104.976542690,"146,876",812
Referred Question 2O,MC75,50-75%,No/Against,1330816816,Polygon,39.758574967,-104.966595898,"146,876",816
Referred Question 2O,MC75,50-75%,No/Against,1330816817,Polygon,39.753500028,-104.966957514,"146,876",817
Referred Question 2O,MC75,50-75%,No/Against,1330816818,Polygon,39.760219276,-104.949114409,"146,876",818
Referred Question 2O,MC75,50-75%,No/Against,1330816819,Polygon,39.750909350,-104.950450493,"146,876",819
Referred Question 2O,MC75,50-75%,No/Against,1330816820,Polygon,39.759993273,-104.933482142,"146,876",820
Referred Question 2O,MC75,50-75%,No/Against,1330816821,Polygon,39.759693765,-104.919278787,"146,876",821
Referred Question 2O,MC75,50-75%,No/Against,1330816822,Polygon,39.753905224,-104.934174656,"146,876",822
Referred Question 2O,MC75,50-75%,No/Against,1330816823,Polygon,39.753852929,-104.919308225,"146,876",823
Referred Question 2O,MC75,50-75%,No/Against,1330816824,Polygon,39.756933584,-104.909120986,"146,876",824
Referred Question 2O,MC75,50-75%,No/Against,1330816826,Polygon,39.752273105,-104.895234387,"146,876",826
Referred Question 2O,MC75,50-75%,No/Against,1330816827,Polygon,39.752036681,-104.892907622,"146,876",827
Referred Question 2O,MC75,50-75%,No/Against,1330816828,Polygon,39.756120634,-104.883853991,"146,876",828
Referred Question 2O,MC75,50-75%,No/Against,1330816829,Polygon,39.760396701,-104.873098758,"146,876",829
Referred Question 2O,MC75,50-75%,No/Against,1330816830,Polygon,39.763438897,-104.861309021,"146,876",830
Referred Question 2O,MC75,50-75%,No/Against,1330816836,Polygon,39.745136595,-104.935731623,"146,876",836
Referred Question 2O,MC75,50-75%,No/Against,1330816838,Polygon,39.744801065,-104.918232093,"146,876",838
Referred Question 2O,MC75,50-75%,No/Against,1330816839,Polygon,39.745859888,-104.907923806,"146,876",839
Referred Question 2O,MC75,50-75%,No/Against,1340116101,Polygon,39.698983628,-105.045405679,"146,876",101
Referred Question 2O,MC75,50-75%,No/Against,1340116102,Polygon,39.699070847,-105.032425833,"146,876",102
Referred Question 2O,MC75,50-75%,No/Against,1340416401,Polygon,39.787464341,-105.053075563,"146,876",401
Referred Question 2O,MC75,50-75%,No/Against,1340416402,Polygon,39.787267473,-105.033982800,"146,876",402
Referred Question 2O,MC75,50-75%,No/Against,1340416403,Polygon,39.780253715,-105.044668550,"146,876",403
Referred Question 2O,MC75,50-75%,No/Against,1340416404,Polygon,39.773747671,-105.048248142,"146,876",404
Referred Question 2O,MC75,50-75%,No/Against,1340416405,Polygon,39.773262205,-105.035984215,"146,876",405
Referred Question 2O,MC75,50-75%,No/Against,1340416406,Polygon,39.776478352,-105.029615613,"146,876",406
Referred Question 2O,MC75,50-75%,No/Against,1340416407,Polygon,39.779818837,-105.020472933,"146,876",407
Referred Question 2O,MC75,50-75%,No/Against,1340416408,Polygon,39.773684466,-105.021067257,"146,876",408
Referred Question 2O,MC75,50-75%,No/Against,1340416409,Polygon,39.765281476,-105.048841673,"146,876",409
Referred Question 2O,MC75,50-75%,No/Against,1340416410,Polygon,39.766050177,-105.037518691,"146,876",410
Referred Question 2O,MC75,50-75%,No/Against,1340416411,Polygon,39.766745189,-105.032148633,"146,876",411
Referred Question 2O,MC75,50-75%,No/Against,1340416412,Polygon,39.765789372,-105.021146553,"146,876",412
Referred Question 2O,MC75,50-75%,No/Against,1340416413,Polygon,39.760258893,-105.043468201,"146,876",413
Referred Question 2O,MC75,50-75%,No/Against,1340416414,Polygon,39.761316680,-105.029872334,"146,876",414
Referred Question 2O,MC75,50-75%,No/Against,1340416415,Polygon,39.759228534,-105.018075954,"146,876",415
Referred Question 2O,MC75,50-75%,No/Against,1340416416,Polygon,39.756687286,-105.045313766,"146,876",416
Referred Question 2O,MC75,50-75%,No/Against,1340416417,Polygon,39.755397157,-105.030981623,"146,876",417
Referred Question 2O,MC75,50-75%,No/Against,1340416419,Polygon,39.750160823,-105.043347886,"146,876",419
Referred Question 2O,MC75,50-75%,No/Against,1340416420,Polygon,39.749379749,-105.030059999,"146,876",420
Referred Question 2O,MC75,50-75%,No/Against,1340416427,Polygon,39.733383916,-105.044656787,"146,876",427
Referred Question 2O,MC75,50-75%,No/Against,1340416428,Polygon,39.729533279,-105.043194536,"146,876",428
Referred Question 2O,MC75,50-75%,No/Against,1340416429,Polygon,39.733408357,-105.031388343,"146,876",429
Referred Question 2O,MC75,50-75%,No/Against,1340416430,Polygon,39.721528536,-105.045384895,"146,876",430
Referred Question 2O,MC75,50-75%,No/Against,1340416432,Polygon,39.715889262,-105.045611385,"146,876",432
Referred Question 2O,MC75,50-75%,No/Against,1340416433,Polygon,39.714549093,-105.032062084,"146,876",433
Referred Question 2O,MC75,50-75%,No/Against,1340416434,Polygon,39.707033657,-105.048497976,"146,876",434
Referred Question 2O,MC75,50-75%,No/Against,1340416435,Polygon,39.706844468,-105.039883855,"146,876",435
Referred Question 2O,MC75,50-75%,No/Against,1340516501,Polygon,39.790546825,-105.021716008,"146,876",501
Referred Question 2O,MC75,50-75%,No/Against,1340516502,Polygon,39.786938038,-105.005134628,"146,876",502
Referred Question 2O,MC75,50-75%,No/Against,1340516503,Polygon,39.786357673,-104.981475920,"146,876",503
Referred Question 2O,MC75,50-75%,No/Against,1340516504,Polygon,39.783767481,-104.961187136,"146,876",504
Referred Question 2O,MC75,50-75%,No/Against,1340516505,Polygon,39.779343184,-105.011177209,"146,876",505
Referred Question 2O,MC75,50-75%,No/Against,1340516506,Polygon,39.772324916,-105.011014168,"146,876",506
Referred Question 2O,MC75,50-75%,No/Against,1340516509,Polygon,39.777225964,-104.960290257,"146,876",509
Referred Question 2O,MC75,50-75%,No/Against,1340516510,Polygon,39.766683996,-105.011566009,"146,876",510
Referred Question 2O,MC75,50-75%,No/Against,1340516514,Polygon,39.756985697,-105.004254755,"146,876",514
Referred Question 2O,MC75,50-75%,No/Against,1340516521,Polygon,39.750492147,-105.003432844,"146,876",521
Referred Question 2O,MC75,50-75%,No/Against,1340516526,Polygon,39.732609973,-105.010659926,"146,876",526
Referred Question 2O,MC75,50-75%,No/Against,1340516531,Polygon,39.718374375,-105.014581204,"146,876",531
Referred Question 2O,MC75,50-75%,No/Against,1340516533,Polygon,39.718390405,-104.992482389,"146,876",533
Referred Question 2O,MC75,50-75%,No/Against,1340516534,Polygon,39.703967324,-105.019612625,"146,876",534
Referred Question 2O,MC75,50-75%,No/Against,1340516535,Polygon,39.703418653,-105.000620673,"146,876",535
Referred Question 2O,MC75,50-75%,No/Against,1340516536,Polygon,39.700969378,-105.008704712,"146,876",536
Referred Question 2O,MC75,50-75%,No/Against,6320916914,Polygon,39.680820352,-104.908806240,"146,876",914
Referred Question 2O,MC75,50-75%,No/Against,6320916915,MultiPolygon,39.684859873,-104.898785028,"146,876",915
Referred Question 2O,MC75,50-75%,Yes/For,1260316304,Polygon,39.656105564,-104.862679055,"146,876",304
Referred Question 2O,MC75,50-75%,Yes/For,1260316312,Polygon,39.631969008,-104.909708239,"146,876",312
Referred Question 2O,MC75,50-75%,Yes/For,1260316313,Polygon,39.627588533,-104.908279754,"146,876",313
Referred Question 2O,MC75,50-75%,Yes/For,1310216216,Polygon,39.714228253,-104.974775202,"146,876",216
Referred Question 2O,MC75,50-75%,Yes/For,1310516523,Polygon,39.752908021,-104.988602557,"146,876",523
Referred Question 2O,MC75,50-75%,Yes/For,1310516524,Polygon,39.746433305,-104.990588368,"146,876",524
Referred Question 2O,MC75,50-75%,Yes/For,1310516525,Polygon,39.742386654,-104.995517088,"146,876",525
Referred Question 2O,MC75,50-75%,Yes/For,1310516528,Polygon,39.738024464,-104.993924343,"146,876",528
Referred Question 2O,MC75,50-75%,Yes/For,1310516530,Polygon,39.730586251,-104.990501941,"146,876",530
Referred Question 2O,MC75,50-75%,Yes/For,1310616601,Polygon,39.744111355,-104.985240069,"146,876",601
Referred Question 2O,MC75,50-75%,Yes/For,1310616602,Polygon,39.746109539,-104.979676738,"146,876",602
Referred Question 2O,MC75,50-75%,Yes/For,1310616603,Polygon,39.741665006,-104.977021391,"146,876",603
Referred Question 2O,MC75,50-75%,Yes/For,1310616604,Polygon,39.736032497,-104.984969329,"146,876",604
Referred Question 2O,MC75,50-75%,Yes/For,1310616605,Polygon,39.738672484,-104.977205095,"146,876",605
Referred Question 2O,MC75,50-75%,Yes/For,1310616606,Polygon,39.735344920,-104.979296959,"146,876",606
Referred Question 2O,MC75,50-75%,Yes/For,1310816813,Polygon,39.749785188,-104.984193375,"146,876",813
Referred Question 2O,MC75,50-75%,Yes/For,1310816832,Polygon,39.742102627,-104.969668082,"146,876",832
Referred Question 2O,MC75,50-75%,Yes/For,1320216237,Polygon,39.679077975,-104.963573450,"146,876",237
Referred Question 2O,MC75,50-75%,Yes/For,1320616635,Polygon,39.700734416,-104.886391765,"146,876",635
Referred Question 2O,MC75,50-75%,Yes/For,1330516801,Polygon,39.769787690,-104.965888939,"146,876",801
Referred Question 2O,MC75,50-75%,Yes/For,1330716701,Polygon,39.805478777,-104.878282553,"146,876",701
Referred Question 2O,MC75,50-75%,Yes/For,1330716704,Polygon,39.789268887,-104.887775573,"146,876",704
Referred Question 2O,MC75,50-75%,Yes/For,1330716707,Polygon,39.791127740,-104.816826449,"146,876",707
Referred Question 2O,MC75,50-75%,Yes/For,1330716713,Polygon,39.791530619,-104.803287449,"146,876",713
Referred Question 2O,MC75,50-75%,Yes/For,1330716714,Polygon,39.783943688,-104.805148190,"146,876",714
Referred Question 2O,MC75,50-75%,Yes/For,1330716715,Polygon,39.787056708,-104.795885745,"146,876",715
Referred Question 2O,MC75,50-75%,Yes/For,1330716716,Polygon,39.787743858,-104.780327166,"146,876",716
Referred Question 2O,MC75,50-75%,Yes/For,1330716717,Polygon,39.789503910,-104.765635845,"146,876",717
Referred Question 2O,MC75,50-75%,Yes/For,1330816803,Polygon,39.765086070,-104.962845158,"146,876",803
Referred Question 2O,MC75,50-75%,Yes/For,1330816804,Polygon,39.767563748,-104.954351170,"146,876",804
Referred Question 2O,MC75,50-75%,Yes/For,1330816805,Polygon,39.766756648,-104.945687436,"146,876",805
Referred Question 2O,MC75,50-75%,Yes/For,1330816811,Polygon,39.755873603,-104.984344226,"146,876",811
Referred Question 2O,MC75,50-75%,Yes/For,1330816814,Polygon,39.754169259,-104.977935946,"146,876",814
Referred Question 2O,MC75,50-75%,Yes/For,1330816825,Polygon,39.759851016,-104.898656911,"146,876",825
Referred Question 2O,MC75,50-75%,Yes/For,1340416418,Polygon,39.754644242,-105.017754991,"146,876",418
Referred Question 2O,MC75,50-75%,Yes/For,1340416421,Polygon,39.749885695,-105.017004636,"146,876",421
Referred Question 2O,MC75,50-75%,Yes/For,1340416422,Polygon,39.742089949,-105.046625654,"146,876",422
Referred Question 2O,MC75,50-75%,Yes/For,1340416423,Polygon,39.743088188,-105.032390787,"146,876",423
Referred Question 2O,MC75,50-75%,Yes/For,1340416424,Polygon,39.735142810,-105.019227421,"146,876",424
Referred Question 2O,MC75,50-75%,Yes/For,1340416425,Polygon,39.735635347,-105.046638209,"146,876",425
Referred Question 2O,MC75,50-75%,Yes/For,1340416426,Polygon,39.736040725,-105.033081472,"146,876",426
Referred Question 2O,MC75,50-75%,Yes/For,1340416431,Polygon,39.721702000,-105.031658351,"146,876",431
Referred Question 2O,MC75,50-75%,Yes/For,1340416436,Polygon,39.706174445,-105.031775863,"146,876",436
Referred Question 2O,MC75,50-75%,Yes/For,1340516507,Polygon,39.775888600,-105.003083906,"146,876",507
Referred Question 2O,MC75,50-75%,Yes/For,1340516508,Polygon,39.772415427,-104.988422145,"146,876",508
Referred Question 2O,MC75,50-75%,Yes/For,1340516511,Polygon,39.763630768,-105.002523897,"146,876",511
Referred Question 2O,MC75,50-75%,Yes/For,1340516512,Polygon,39.761424379,-105.010648285,"146,876",512
Referred Question 2O,MC75,50-75%,Yes/For,1340516513,Polygon,39.758010266,-105.007402333,"146,876",513
Referred Question 2O,MC75,50-75%,Yes/For,1340516515,Polygon,39.755922120,-105.001624885,"146,876",515
Referred Question 2O,MC75,50-75%,Yes/For,1340516516,Polygon,39.760593874,-104.997983002,"146,876",516
Referred Question 2O,MC75,50-75%,Yes/For,1340516517,Polygon,39.766069925,-104.987545197,"146,876",517
Referred Question 2O,MC75,50-75%,Yes/For,1340516518,Polygon,39.758083223,-104.991976260,"146,876",518
Referred Question 2O,MC75,50-75%,Yes/For,1340516519,Polygon,39.764825692,-104.981027085,"146,876",519
Referred Question 2O,MC75,50-75%,Yes/For,1340516520,Polygon,39.746491025,-105.006339427,"146,876",520
Referred Question 2O,MC75,50-75%,Yes/For,1340516522,Polygon,39.753079230,-104.998266907,"146,876",522
Referred Question 2O,MC75,50-75%,Yes/For,1340516527,Polygon,39.736902558,-104.997402697,"146,876",527
Referred Question 2O,MC75,50-75%,Yes/For,1340516529,Polygon,39.728539185,-104.996556895,"146,876",529
Referred Question 2O,MC75,50-75%,Yes/For,1340516537,Polygon,39.706211746,-104.993854556,"146,876",537
Referred Question 2O,MC100,> 75%,No/Against,1320916904,Polygon,39.707889516,-104.914068539,"146,876",904
Referred Question 2O,MC100,> 75%,No/Against,1330816837,Polygon,39.744634672,-104.928007615,"146,876",837
Referred Question 2O,TIED,Tied % ,TIED,1340516532,Polygon,39.722363490,-105.003245545,"146,876",532
,,,No/Against,,MultiPolygon,39.722675554,-104.941657789,,"121,503"
,,,Yes/For,,MultiPolygon,39.746375098,-104.967323519,,"32,860"
,,,TIED,,Polygon,39.722363490,-105.003245545,,532