<?xml version='1.0' encoding='utf8'?>
<mods:mods xmlns:mods="http://www.loc.gov/mods/v3" xmlns:xlink="http://www.w3.org/1999/xlink"
    xmlns:xsi="http://www.w3.org/2001/XMLSchema-instance"
    xsi:schemaLocation="http://www.loc.gov/mods/v3 http://www.loc.gov/standards/mods/mods-3-7.xsd">
    <mods:titleInfo>
        <mods:title>Census 2020, Colorado, Block Group State-based</mods:title>
    </mods:titleInfo>
    <mods:name>
        <mods:namePart>U.S. Department of Commerce, U.S. Census Bureau, Geography Division, Spatial Data Collection and Products Branch</mods:namePart>
        <mods:role>
            <mods:roleTerm type="text">publisher</mods:roleTerm>
        </mods:role>
    </mods:name>
    <mods:name authority="fast" valueURI="http://id.worldcat.org/fast/522480">
        <mods:namePart>U.S. Department of Commerce, U.S. Census Bureau, Geography Division, Spatial Data Collection and Products Branch</mods:namePart>
        <mods:role>
            <mods:roleTerm type="text">creator</mods:roleTerm>
        </mods:role>
    </mods:name>
    <mods:typeOfResource>Dataset</mods:typeOfResource>
    <mods:originInfo>
        <mods:dateIssued encoding="w3cdtf">2020</mods:dateIssued>
        <mods:place>
            <mods:placeTerm>Washington (D.C.)</mods:placeTerm>
        </mods:place>
        <mods:publisher>U.S. Department of Commerce, U.S. Census Bureau, Geography Division, Spatial Data Collection and Products Branch</mods:publisher>
    </mods:originInfo>
    <mods:language>
        <mods:languageTerm authority="iso639-2b" type="code">eng</mods:languageTerm>
    </mods:language>
    <mods:subject>
        <mods:geographic authority="fast" valueURI="http://id.worldcat.org/fast/1210251">Colorado</mods:geographic>
    </mods:subject>
    <mods:subject>
        <mods:cartographics>
            <mods:coordinates>W109.060204,W102.041522,N41.003444,N36.992449</mods:coordinates>
        </mods:cartographics>
    </mods:subject>
    <mods:physicalDescription>
        <mods:digitalOrigin>born digital</mods:digitalOrigin>
        <mods:form authority="LCGFT" authorityURI="http://id.loc.gov/authorities/genreForms/gf2011026297">Geospatial data</mods:form>
        <mods:internetMediaType>application/octet-stream</mods:internetMediaType>
    </mods:physicalDescription>
    <mods:identifier type="local">tl_2020_08_bg20.shp.iso.xml</mods:identifier>
    <mods:identifier type="ark"/>
    <mods:abstract>The TIGER/Line shapefiles and related database files (.dbf) are an extract of selected geographic and cartographic information from the U.S. Census Bureau's Master Address File / Topologically Integrated Geographic Encoding and Referencing (MAF/TIGER) Database (MTDB).  The MTDB represents a seamless national file with no overlaps or gaps between parts, however, each TIGER/Line shapefile is designed to stand alone as an independent data set, or they can be combined to cover the entire nation.

Block Groups (BGs) are clusters of blocks within the same census tract. Each census tract contains at least one BG, and BGs are uniquely numbered within census tracts.  BGs have a valid code range of 0 through 9. BGs have the same first digit of their 4-digit census block number from the same decennial census.  For example, tabulation blocks numbered 3001, 3002, 3003,.., 3999 within census tract 1210.02 are also within BG 3 within that census tract.  BGs coded 0 are intended to only include water area, no land area, and they are generally in territorial seas, coastal water, and Great Lakes water areas. Block groups generally contain between 600 and 3,000 people.  A BG usually covers a contiguous area but never crosses county or census tract boundaries. They may, however, cross the boundaries of other geographic entities like county subdivisions, places, urban areas, voting districts, congressional districts, and American Indian / Alaska Native / Native Hawaiian areas.

The BG boundaries in this release were delineated as part of the Census Bureau's Participant Statistical Areas Program (PSAP) for the 2020 Census.</mods:abstract>
    <mods:accessCondition type="use and reproduction"
        xlink:href="https://rightsstatements.org/page/NoC-US/1.0/?language=en">The organization that
        has made the Item available believes that the Item is in the Public Domain under the laws of
        the United States.</mods:accessCondition>
   
    <mods:relatedItem type="original">
        <mods:location>
            <mods:url access="object in context"
                >https://www2.census.gov/geo/tiger/TIGER2020PL/STATE/08_COLORADO/08/</mods:url>
        </mods:location>
    </mods:relatedItem>
    <mods:recordInfo>
        <mods:recordCreationDate encoding="w3cdtf">2021-01-27</mods:recordCreationDate>
        <mods:recordOrigin>Record created using source metadata and additional metadata provided by the University of Colorado Boulder Libraries.</mods:recordOrigin>
        <mods:recordContentSource>University of Colorado Boulder Libraries</mods:recordContentSource>
    </mods:recordInfo>
</mods:mods>
